machine_id,window_start_index,window_start_time,window_end_time,target_fault,predicted_fault,prediction_confidence,is_correct,is_low_confidence,prob_bearing_wear,prob_belt_misalignment,prob_cooling_failure,prob_motor_overload,prob_normal,prob_overheating,prob_sensor_drift
line1_motor1,0,2026-05-20 14:00:00,2026-05-20 14:01:59,normal,normal,0.976,True,False,0.0,0.016,0.0,0.004,0.976,0.0,0.004
line1_motor1,60,2026-05-20 14:01:00,2026-05-20 14:02:59,normal,normal,0.992,True,False,0.0,0.004,0.0,0.0,0.992,0.004,0.0
line1_motor1,120,2026-05-20 14:02:00,2026-05-20 14:03:59,normal,normal,0.992,True,False,0.0,0.0,0.0,0.0,0.992,0.008,0.0
line1_motor1,180,2026-05-20 14:03:00,2026-05-20 14:04:59,normal,normal,0.924,True,False,0.0,0.004,0.012,0.024,0.924,0.016,0.02
line1_motor1,240,2026-05-20 14:04:00,2026-05-20 14:05:59,normal,normal,0.892,True,False,0.0,0.0,0.012,0.032,0.892,0.04,0.024
line1_motor1,300,2026-05-20 14:05:00,2026-05-20 14:06:59,normal,normal,0.964,True,False,0.02,0.0,0.0,0.008,0.964,0.004,0.004
line1_motor1,360,2026-05-20 14:06:00,2026-05-20 14:07:59,normal,normal,0.988,True,False,0.0,0.0,0.0,0.0,0.988,0.012,0.0
line1_motor1,420,2026-05-20 14:07:00,2026-05-20 14:08:59,normal,normal,1.0,True,False,0.0,0.0,0.0,0.0,1.0,0.0,0.0
line1_motor1,480,2026-05-20 14:08:00,2026-05-20 14:09:59,normal,normal,1.0,True,False,0.0,0.0,0.0,0.0,1.0,0.0,0.0
line1_motor1,540,2026-05-20 14:09:00,2026-05-20 14:10:59,normal,normal,1.0,True,False,0.0,0.0,0.0,0.0,1.0,0.0,0.0
line1_motor1,600,2026-05-20 14:10:00,2026-05-20 14:11:59,normal,normal,1.0,True,False,0.0,0.0,0.0,0.0,1.0,0.0,0.0
line1_motor1,660,2026-05-20 14:11:00,2026-05-20 14:12:59,normal,normal,0.992,True,False,0.0,0.0,0.0,0.0,0.992,0.008,0.0
line1_motor1,720,2026-05-20 14:12:00,2026-05-20 14:13:59,normal,normal,0.996,True,False,0.0,0.004,0.0,0.0,0.996,0.0,0.0
line1_motor1,780,2026-05-20 14:13:00,2026-05-20 14:14:59,normal,normal,1.0,True,False,0.0,0.0,0.0,0.0,1.0,0.0,0.0
line1_motor1,840,2026-05-20 14:14:00,2026-05-20 14:15:59,normal,normal,0.996,True,False,0.0,0.0,0.0,0.0,0.996,0.004,0.0
line1_motor1,900,2026-05-20 14:15:00,2026-05-20 14:16:59,normal,normal,0.94,True,False,0.008,0.004,0.004,0.008,0.94,0.036,0.0
line1_motor1,960,2026-05-20 14:16:00,2026-05-20 14:17:59,normal,normal,0.976,True,False,0.0,0.0,0.008,0.004,0.976,0.008,0.004
line1_motor1,1020,2026-05-20 14:17:00,2026-05-20 14:18:59,normal,normal,0.984,True,False,0.0,0.0,0.004,0.0,0.984,0.004,0.008
line1_motor1,1080,2026-05-20 14:18:00,2026-05-20 14:19:59,normal,normal,1.0,True,False,0.0,0.0,0.0,0.0,1.0,0.0,0.0
line1_motor1,1140,2026-05-20 14:19:00,2026-05-20 14:20:59,bearing_wear,bearing_wear,0.708,True,False,0.708,0.204,0.004,0.0,0.064,0.02,0.0
line1_motor1,1200,2026-05-20 14:20:00,2026-05-20 14:21:59,bearing_wear,bearing_wear,0.944,True,False,0.944,0.036,0.0,0.008,0.004,0.008,0.0
line1_motor1,1260,2026-05-20 14:21:00,2026-05-20 14:22:59,bearing_wear,bearing_wear,0.892,True,False,0.892,0.06,0.004,0.012,0.012,0.012,0.008
line1_motor1,1320,2026-05-20 14:22:00,2026-05-20 14:23:59,bearing_wear,bearing_wear,0.96,True,False,0.96,0.02,0.0,0.0,0.008,0.004,0.008
line1_motor1,1380,2026-05-20 14:23:00,2026-05-20 14:24:59,bearing_wear,bearing_wear,1.0,True,False,1.0,0.0,0.0,0.0,0.0,0.0,0.0
line1_motor1,1440,2026-05-20 14:24:00,2026-05-20 14:25:59,bearing_wear,bearing_wear,1.0,True,False,1.0,0.0,0.0,0.0,0.0,0.0,0.0
line1_motor1,1500,2026-05-20 14:25:00,2026-05-20 14:26:59,bearing_wear,bearing_wear,0.992,True,False,0.992,0.0,0.0,0.0,0.0,0.0,0.008
line1_motor1,1560,2026-05-20 14:26:00,2026-05-20 14:27:59,bearing_wear,bearing_wear,0.996,True,False,0.996,0.004,0.0,0.0,0.0,0.0,0.0
line1_motor1,1620,2026-05-20 14:27:00,2026-05-20 14:28:59,bearing_wear,bearing_wear,0.98,True,False,0.98,0.012,0.0,0.0,0.008,0.0,0.0
line1_motor1,1680,2026-05-20 14:28:00,2026-05-20 14:29:59,bearing_wear,bearing_wear,0.992,True,False,0.992,0.0,0.0,0.008,0.0,0.0,0.0
line1_motor1,1740,2026-05-20 14:29:00,2026-05-20 14:30:59,bearing_wear,bearing_wear,0.532,True,True,0.532,0.176,0.008,0.1,0.096,0.076,0.012
line1_motor1,1800,2026-05-20 14:30:00,2026-05-20 14:31:59,normal,normal,0.996,True,False,0.0,0.0,0.0,0.0,0.996,0.004,0.0
line1_motor1,1860,2026-05-20 14:31:00,2026-05-20 14:32:59,normal,normal,0.968,True,False,0.0,0.0,0.012,0.0,0.968,0.02,0.0
line1_motor1,1920,2026-05-20 14:32:00,2026-05-20 14:33:59,normal,normal,0.884,True,False,0.008,0.004,0.0,0.004,0.884,0.052,0.048
line1_motor1,1980,2026-05-20 14:33:00,2026-05-20 14:34:59,normal,normal,0.984,True,False,0.0,0.0,0.0,0.0,0.984,0.0,0.016
line1_motor1,2040,2026-05-20 14:34:00,2026-05-20 14:35:59,normal,normal,0.996,True,False,0.0,0.0,0.004,0.0,0.996,0.0,0.0
line1_motor1,2100,2026-05-20 14:35:00,2026-05-20 14:36:59,normal,normal,0.996,True,False,0.0,0.0,0.004,0.0,0.996,0.0,0.0
line1_motor1,2160,2026-05-20 14:36:00,2026-05-20 14:37:59,normal,normal,0.996,True,False,0.0,0.0,0.0,0.0,0.996,0.0,0.004
line1_motor1,2220,2026-05-20 14:37:00,2026-05-20 14:38:59,normal,normal,0.896,True,False,0.052,0.0,0.008,0.012,0.896,0.032,0.0
line1_motor1,2280,2026-05-20 14:38:00,2026-05-20 14:39:59,normal,normal,1.0,True,False,0.0,0.0,0.0,0.0,1.0,0.0,0.0
line1_motor1,2340,2026-05-20 14:39:00,2026-05-20 14:40:59,normal,normal,1.0,True,False,0.0,0.0,0.0,0.0,1.0,0.0,0.0
line1_motor1,2400,2026-05-20 14:40:00,2026-05-20 14:41:59,normal,normal,1.0,True,False,0.0,0.0,0.0,0.0,1.0,0.0,0.0
line1_motor1,2460,2026-05-20 14:41:00,2026-05-20 14:42:59,normal,normal,1.0,True,False,0.0,0.0,0.0,0.0,1.0,0.0,0.0
line1_motor1,2520,2026-05-20 14:42:00,2026-05-20 14:43:59,normal,normal,1.0,True,False,0.0,0.0,0.0,0.0,1.0,0.0,0.0
line1_motor1,2580,2026-05-20 14:43:00,2026-05-20 14:44:59,normal,normal,0.972,True,False,0.0,0.0,0.024,0.0,0.972,0.004,0.0
line1_motor1,2640,2026-05-20 14:44:00,2026-05-20 14:45:59,normal,normal,1.0,True,False,0.0,0.0,0.0,0.0,1.0,0.0,0.0
line1_motor1,2700,2026-05-20 14:45:00,2026-05-20 14:46:59,normal,normal,0.972,True,False,0.0,0.0,0.008,0.0,0.972,0.02,0.0
line1_motor1,2760,2026-05-20 14:46:00,2026-05-20 14:47:59,overheating,overheating,0.664,True,False,0.004,0.0,0.128,0.012,0.152,0.664,0.04
line1_motor1,2820,2026-05-20 14:47:00,2026-05-20 14:48:59,overheating,overheating,0.72,True,False,0.004,0.004,0.2,0.02,0.028,0.72,0.024
line1_motor1,2880,2026-05-20 14:48:00,2026-05-20 14:49:59,overheating,cooling_failure,0.376,False,True,0.016,0.024,0.376,0.144,0.056,0.288,0.096
line1_motor1,2940,2026-05-20 14:49:00,2026-05-20 14:50:59,overheating,overheating,0.668,True,False,0.004,0.008,0.228,0.02,0.012,0.668,0.06
line1_motor1,3000,2026-05-20 14:50:00,2026-05-20 14:51:59,overheating,cooling_failure,0.52,False,True,0.0,0.004,0.52,0.008,0.068,0.316,0.084
line1_motor1,3060,2026-05-20 14:51:00,2026-05-20 14:52:59,overheating,cooling_failure,0.504,False,True,0.0,0.004,0.504,0.008,0.016,0.452,0.016
line1_motor1,3120,2026-05-20 14:52:00,2026-05-20 14:53:59,overheating,overheating,0.86,True,False,0.0,0.008,0.112,0.0,0.0,0.86,0.02
line1_motor1,3180,2026-05-20 14:53:00,2026-05-20 14:54:59,overheating,overheating,0.852,True,False,0.016,0.008,0.04,0.008,0.016,0.852,0.06
line1_motor1,3240,2026-05-20 14:54:00,2026-05-20 14:55:59,overheating,overheating,0.392,True,True,0.012,0.06,0.028,0.136,0.264,0.392,0.108
line1_motor1,3300,2026-05-20 14:55:00,2026-05-20 14:56:59,normal,normal,0.996,True,False,0.004,0.0,0.0,0.0,0.996,0.0,0.0
line1_motor1,3360,2026-05-20 14:56:00,2026-05-20 14:57:59,normal,normal,1.0,True,False,0.0,0.0,0.0,0.0,1.0,0.0,0.0
line1_motor1,3420,2026-05-20 14:57:00,2026-05-20 14:58:59,normal,normal,1.0,True,False,0.0,0.0,0.0,0.0,1.0,0.0,0.0
line1_motor1,3480,2026-05-20 14:58:00,2026-05-20 14:59:59,normal,normal,1.0,True,False,0.0,0.0,0.0,0.0,1.0,0.0,0.0
line1_motor1,3540,2026-05-20 14:59:00,2026-05-20 15:00:59,normal,normal,0.952,True,False,0.008,0.02,0.0,0.0,0.952,0.02,0.0
line1_motor1,3600,2026-05-20 15:00:00,2026-05-20 15:01:59,normal,normal,0.988,True,False,0.0,0.0,0.0,0.0,0.988,0.004,0.008
line1_motor1,3660,2026-05-20 15:01:00,2026-05-20 15:02:59,normal,normal,1.0,True,False,0.0,0.0,0.0,0.0,1.0,0.0,0.0
line1_motor1,3720,2026-05-20 15:02:00,2026-05-20 15:03:59,normal,normal,1.0,True,False,0.0,0.0,0.0,0.0,1.0,0.0,0.0
line1_motor1,3780,2026-05-20 15:03:00,2026-05-20 15:04:59,normal,normal,0.976,True,False,0.0,0.008,0.0,0.004,0.976,0.008,0.004
line1_motor1,3840,2026-05-20 15:04:00,2026-05-20 15:05:59,normal,normal,0.928,True,False,0.004,0.008,0.004,0.004,0.928,0.02,0.032
line1_motor1,3900,2026-05-20 15:05:00,2026-05-20 15:06:59,normal,normal,0.984,True,False,0.004,0.0,0.004,0.004,0.984,0.004,0.0
line1_motor1,3960,2026-05-20 15:06:00,2026-05-20 15:07:59,normal,normal,1.0,True,False,0.0,0.0,0.0,0.0,1.0,0.0,0.0
line1_motor1,4020,2026-05-20 15:07:00,2026-05-20 15:08:59,normal,normal,1.0,True,False,0.0,0.0,0.0,0.0,1.0,0.0,0.0
line1_motor1,4080,2026-05-20 15:08:00,2026-05-20 15:09:59,normal,normal,0.996,True,False,0.0,0.0,0.0,0.0,0.996,0.004,0.0
line1_motor1,4140,2026-05-20 15:09:00,2026-05-20 15:10:59,normal,normal,1.0,True,False,0.0,0.0,0.0,0.0,1.0,0.0,0.0
line1_motor1,4200,2026-05-20 15:10:00,2026-05-20 15:11:59,normal,normal,1.0,True,False,0.0,0.0,0.0,0.0,1.0,0.0,0.0
line1_motor1,4260,2026-05-20 15:11:00,2026-05-20 15:12:59,normal,normal,0.96,True,False,0.0,0.004,0.0,0.016,0.96,0.008,0.012
line1_motor1,4320,2026-05-20 15:12:00,2026-05-20 15:13:59,normal,normal,1.0,True,False,0.0,0.0,0.0,0.0,1.0,0.0,0.0
line1_motor1,4380,2026-05-20 15:13:00,2026-05-20 15:14:59,normal,normal,1.0,True,False,0.0,0.0,0.0,0.0,1.0,0.0,0.0
line1_motor1,4440,2026-05-20 15:14:00,2026-05-20 15:15:59,belt_misalignment,belt_misalignment,0.72,True,False,0.176,0.72,0.008,0.008,0.048,0.036,0.004
line1_motor1,4500,2026-05-20 15:15:00,2026-05-20 15:16:59,belt_misalignment,belt_misalignment,0.868,True,False,0.1,0.868,0.008,0.004,0.008,0.012,0.0
line1_motor1,4560,2026-05-20 15:16:00,2026-05-20 15:17:59,belt_misalignment,belt_misalignment,0.98,True,False,0.016,0.98,0.0,0.0,0.0,0.0,0.004
line1_motor1,4620,2026-05-20 15:17:00,2026-05-20 15:18:59,belt_misalignment,belt_misalignment,0.876,True,False,0.028,0.876,0.008,0.0,0.056,0.024,0.008
line1_motor1,4680,2026-05-20 15:18:00,2026-05-20 15:19:59,belt_misalignment,belt_misalignment,0.964,True,False,0.012,0.964,0.0,0.0,0.008,0.012,0.004
line1_motor1,4740,2026-05-20 15:19:00,2026-05-20 15:20:59,belt_misalignment,belt_misalignment,0.992,True,False,0.004,0.992,0.0,0.0,0.004,0.0,0.0
line1_motor1,4800,2026-05-20 15:20:00,2026-05-20 15:21:59,belt_misalignment,belt_misalignment,0.9,True,False,0.016,0.9,0.0,0.0,0.036,0.04,0.008
line1_motor1,4860,2026-05-20 15:21:00,2026-05-20 15:22:59,belt_misalignment,belt_misalignment,0.932,True,False,0.044,0.932,0.0,0.0,0.004,0.016,0.004
line1_motor1,4920,2026-05-20 15:22:00,2026-05-20 15:23:59,belt_misalignment,belt_misalignment,0.88,True,False,0.06,0.88,0.0,0.0,0.012,0.032,0.016
line1_motor1,4980,2026-05-20 15:23:00,2026-05-20 15:24:59,belt_misalignment,belt_misalignment,0.856,True,False,0.052,0.856,0.0,0.008,0.056,0.02,0.008
line1_motor1,5040,2026-05-20 15:24:00,2026-05-20 15:25:59,normal,normal,1.0,True,False,0.0,0.0,0.0,0.0,1.0,0.0,0.0
line1_motor1,5100,2026-05-20 15:25:00,2026-05-20 15:26:59,normal,normal,1.0,True,False,0.0,0.0,0.0,0.0,1.0,0.0,0.0
line1_motor1,5160,2026-05-20 15:26:00,2026-05-20 15:27:59,normal,normal,0.992,True,False,0.0,0.0,0.0,0.0,0.992,0.0,0.008
line1_motor1,5220,2026-05-20 15:27:00,2026-05-20 15:28:59,normal,normal,0.98,True,False,0.008,0.0,0.0,0.012,0.98,0.0,0.0
line1_motor1,5280,2026-05-20 15:28:00,2026-05-20 15:29:59,normal,normal,0.996,True,False,0.0,0.0,0.0,0.0,0.996,0.004,0.0
line1_motor1,5340,2026-05-20 15:29:00,2026-05-20 15:30:59,normal,normal,1.0,True,False,0.0,0.0,0.0,0.0,1.0,0.0,0.0
line1_motor1,5400,2026-05-20 15:30:00,2026-05-20 15:31:59,normal,normal,0.992,True,False,0.0,0.0,0.0,0.0,0.992,0.004,0.004
line1_motor1,5460,2026-05-20 15:31:00,2026-05-20 15:32:59,normal,normal,0.792,True,False,0.056,0.0,0.008,0.036,0.792,0.048,0.06
line1_motor1,5520,2026-05-20 15:32:00,2026-05-20 15:33:59,normal,normal,0.804,True,False,0.008,0.004,0.004,0.072,0.804,0.04,0.068
line1_motor1,5580,2026-05-20 15:33:00,2026-05-20 15:34:59,normal,normal,0.948,True,False,0.0,0.004,0.0,0.012,0.948,0.0,0.036
line1_motor1,5640,2026-05-20 15:34:00,2026-05-20 15:35:59,normal,normal,0.996,True,False,0.0,0.0,0.004,0.0,0.996,0.0,0.0
line1_motor1,5700,2026-05-20 15:35:00,2026-05-20 15:36:59,normal,normal,0.988,True,False,0.0,0.0,0.004,0.0,0.988,0.0,0.008
line1_motor1,5760,2026-05-20 15:36:00,2026-05-20 15:37:59,normal,normal,0.992,True,False,0.0,0.0,0.0,0.0,0.992,0.004,0.004
line1_motor1,5820,2026-05-20 15:37:00,2026-05-20 15:38:59,normal,normal,0.976,True,False,0.0,0.0,0.004,0.0,0.976,0.02,0.0
line1_motor1,5880,2026-05-20 15:38:00,2026-05-20 15:39:59,normal,normal,1.0,True,False,0.0,0.0,0.0,0.0,1.0,0.0,0.0
line1_motor1,5940,2026-05-20 15:39:00,2026-05-20 15:40:59,normal,normal,1.0,True,False,0.0,0.0,0.0,0.0,1.0,0.0,0.0
line1_motor1,6000,2026-05-20 15:40:00,2026-05-20 15:41:59,normal,normal,1.0,True,False,0.0,0.0,0.0,0.0,1.0,0.0,0.0
line1_motor1,6060,2026-05-20 15:41:00,2026-05-20 15:42:59,normal,normal,1.0,True,False,0.0,0.0,0.0,0.0,1.0,0.0,0.0
line1_motor1,6120,2026-05-20 15:42:00,2026-05-20 15:43:59,normal,normal,1.0,True,False,0.0,0.0,0.0,0.0,1.0,0.0,0.0
line1_motor1,6180,2026-05-20 15:43:00,2026-05-20 15:44:59,normal,normal,0.932,True,False,0.024,0.0,0.032,0.004,0.932,0.004,0.004
line1_motor1,6240,2026-05-20 15:44:00,2026-05-20 15:45:59,motor_overload,motor_overload,0.812,True,False,0.024,0.016,0.036,0.812,0.068,0.012,0.032
line1_motor1,6300,2026-05-20 15:45:00,2026-05-20 15:46:59,motor_overload,motor_overload,0.9,True,False,0.004,0.008,0.032,0.9,0.004,0.008,0.044
line1_motor1,6360,2026-05-20 15:46:00,2026-05-20 15:47:59,motor_overload,motor_overload,0.984,True,False,0.004,0.0,0.008,0.984,0.0,0.0,0.004
line1_motor1,6420,2026-05-20 15:47:00,2026-05-20 15:48:59,motor_overload,motor_overload,0.948,True,False,0.02,0.0,0.012,0.948,0.004,0.016,0.0
line1_motor1,6480,2026-05-20 15:48:00,2026-05-20 15:49:59,motor_overload,motor_overload,0.98,True,False,0.0,0.004,0.008,0.98,0.0,0.004,0.004
line1_motor1,6540,2026-05-20 15:49:00,2026-05-20 15:50:59,motor_overload,motor_overload,0.96,True,False,0.0,0.004,0.016,0.96,0.012,0.004,0.004
line1_motor1,6600,2026-05-20 15:50:00,2026-05-20 15:51:59,motor_overload,motor_overload,0.968,True,False,0.0,0.004,0.016,0.968,0.004,0.004,0.004
line1_motor1,6660,2026-05-20 15:51:00,2026-05-20 15:52:59,motor_overload,motor_overload,0.88,True,False,0.028,0.004,0.012,0.88,0.04,0.02,0.016
line1_motor1,6720,2026-05-20 15:52:00,2026-05-20 15:53:59,normal,normal,1.0,True,False,0.0,0.0,0.0,0.0,1.0,0.0,0.0
line1_motor1,6780,2026-05-20 15:53:00,2026-05-20 15:54:59,normal,normal,1.0,True,False,0.0,0.0,0.0,0.0,1.0,0.0,0.0
line1_motor1,6840,2026-05-20 15:54:00,2026-05-20 15:55:59,normal,normal,1.0,True,False,0.0,0.0,0.0,0.0,1.0,0.0,0.0
line1_motor1,6900,2026-05-20 15:55:00,2026-05-20 15:56:59,normal,normal,1.0,True,False,0.0,0.0,0.0,0.0,1.0,0.0,0.0
line1_motor1,6960,2026-05-20 15:56:00,2026-05-20 15:57:59,normal,normal,1.0,True,False,0.0,0.0,0.0,0.0,1.0,0.0,0.0
line1_motor1,7020,2026-05-20 15:57:00,2026-05-20 15:58:59,normal,normal,1.0,True,False,0.0,0.0,0.0,0.0,1.0,0.0,0.0
line1_motor1,7080,2026-05-20 15:58:00,2026-05-20 15:59:59,normal,normal,1.0,True,False,0.0,0.0,0.0,0.0,1.0,0.0,0.0
line1_motor1,7140,2026-05-20 15:59:00,2026-05-20 16:00:59,normal,normal,0.968,True,False,0.0,0.012,0.012,0.0,0.968,0.008,0.0
line1_motor1,7200,2026-05-20 16:00:00,2026-05-20 16:01:59,normal,normal,0.996,True,False,0.0,0.0,0.0,0.0,0.996,0.004,0.0
line1_motor1,7260,2026-05-20 16:01:00,2026-05-20 16:02:59,normal,normal,1.0,True,False,0.0,0.0,0.0,0.0,1.0,0.0,0.0
line1_motor1,7320,2026-05-20 16:02:00,2026-05-20 16:03:59,normal,normal,0.972,True,False,0.0,0.0,0.008,0.0,0.972,0.02,0.0
line1_motor1,7380,2026-05-20 16:03:00,2026-05-20 16:04:59,normal,normal,0.964,True,False,0.0,0.0,0.016,0.0,0.964,0.016,0.004
line1_motor1,7440,2026-05-20 16:04:00,2026-05-20 16:05:59,normal,normal,0.972,True,False,0.0,0.0,0.0,0.0,0.972,0.024,0.004
line1_motor1,7500,2026-05-20 16:05:00,2026-05-20 16:06:59,normal,normal,0.992,True,False,0.0,0.0,0.0,0.0,0.992,0.008,0.0
line1_motor1,7560,2026-05-20 16:06:00,2026-05-20 16:07:59,normal,normal,1.0,True,False,0.0,0.0,0.0,0.0,1.0,0.0,0.0
line1_motor1,7620,2026-05-20 16:07:00,2026-05-20 16:08:59,normal,normal,0.996,True,False,0.0,0.0,0.0,0.0,0.996,0.0,0.004
line1_motor1,7680,2026-05-20 16:08:00,2026-05-20 16:09:59,normal,normal,1.0,True,False,0.0,0.0,0.0,0.0,1.0,0.0,0.0
line1_motor1,7740,2026-05-20 16:09:00,2026-05-20 16:10:59,normal,normal,0.988,True,False,0.0,0.0,0.0,0.008,0.988,0.004,0.0
line1_motor1,7800,2026-05-20 16:10:00,2026-05-20 16:11:59,normal,normal,0.992,True,False,0.0,0.0,0.0,0.008,0.992,0.0,0.0
line1_motor1,7860,2026-05-20 16:11:00,2026-05-20 16:12:59,bearing_wear,bearing_wear,0.844,True,False,0.844,0.052,0.0,0.02,0.064,0.016,0.004
line1_motor1,7920,2026-05-20 16:12:00,2026-05-20 16:13:59,bearing_wear,bearing_wear,0.928,True,False,0.928,0.056,0.0,0.0,0.004,0.012,0.0
line1_motor1,7980,2026-05-20 16:13:00,2026-05-20 16:14:59,bearing_wear,bearing_wear,0.964,True,False,0.964,0.032,0.0,0.0,0.004,0.0,0.0
line1_motor1,8040,2026-05-20 16:14:00,2026-05-20 16:15:59,bearing_wear,bearing_wear,0.948,True,False,0.948,0.052,0.0,0.0,0.0,0.0,0.0
line1_motor1,8100,2026-05-20 16:15:00,2026-05-20 16:16:59,bearing_wear,bearing_wear,0.944,True,False,0.944,0.052,0.0,0.0,0.004,0.0,0.0
line1_motor1,8160,2026-05-20 16:16:00,2026-05-20 16:17:59,bearing_wear,bearing_wear,0.96,True,False,0.96,0.036,0.0,0.004,0.0,0.0,0.0
line1_motor1,8220,2026-05-20 16:17:00,2026-05-20 16:18:59,bearing_wear,bearing_wear,0.976,True,False,0.976,0.02,0.004,0.0,0.0,0.0,0.0
line1_motor1,8280,2026-05-20 16:18:00,2026-05-20 16:19:59,bearing_wear,bearing_wear,0.9,True,False,0.9,0.056,0.008,0.036,0.0,0.0,0.0
line1_motor1,8340,2026-05-20 16:19:00,2026-05-20 16:20:59,bearing_wear,bearing_wear,0.972,True,False,0.972,0.004,0.004,0.008,0.004,0.008,0.0
line1_motor1,8400,2026-05-20 16:20:00,2026-05-20 16:21:59,bearing_wear,bearing_wear,0.996,True,False,0.996,0.0,0.0,0.004,0.0,0.0,0.0
line1_motor1,8460,2026-05-20 16:21:00,2026-05-20 16:22:59,bearing_wear,bearing_wear,0.944,True,False,0.944,0.008,0.004,0.004,0.008,0.032,0.0
line1_motor1,8520,2026-05-20 16:22:00,2026-05-20 16:23:59,bearing_wear,bearing_wear,0.992,True,False,0.992,0.0,0.0,0.0,0.004,0.004,0.0
line1_motor1,8580,2026-05-20 16:23:00,2026-05-20 16:24:59,bearing_wear,bearing_wear,0.532,True,True,0.532,0.2,0.0,0.088,0.092,0.08,0.008
line1_motor1,8640,2026-05-20 16:24:00,2026-05-20 16:25:59,normal,normal,1.0,True,False,0.0,0.0,0.0,0.0,1.0,0.0,0.0
line1_motor1,8700,2026-05-20 16:25:00,2026-05-20 16:26:59,normal,normal,1.0,True,False,0.0,0.0,0.0,0.0,1.0,0.0,0.0
line1_motor1,8760,2026-05-20 16:26:00,2026-05-20 16:27:59,normal,normal,0.98,True,False,0.0,0.0,0.0,0.0,0.98,0.02,0.0
line1_motor1,8820,2026-05-20 16:27:00,2026-05-20 16:28:59,normal,normal,0.984,True,False,0.0,0.0,0.0,0.012,0.984,0.004,0.0
line1_motor1,8880,2026-05-20 16:28:00,2026-05-20 16:29:59,normal,normal,1.0,True,False,0.0,0.0,0.0,0.0,1.0,0.0,0.0
line1_motor1,8940,2026-05-20 16:29:00,2026-05-20 16:30:59,normal,normal,0.996,True,False,0.0,0.0,0.0,0.0,0.996,0.004,0.0
line1_motor1,9000,2026-05-20 16:30:00,2026-05-20 16:31:59,normal,normal,0.996,True,False,0.0,0.0,0.0,0.0,0.996,0.004,0.0
line1_motor1,9060,2026-05-20 16:31:00,2026-05-20 16:32:59,normal,normal,0.692,True,False,0.004,0.016,0.024,0.052,0.692,0.136,0.076
line1_motor1,9120,2026-05-20 16:32:00,2026-05-20 16:33:59,normal,normal,0.932,True,False,0.0,0.004,0.004,0.004,0.932,0.04,0.016
line1_motor1,9180,2026-05-20 16:33:00,2026-05-20 16:34:59,normal,normal,0.904,True,False,0.0,0.004,0.0,0.0,0.904,0.008,0.084
line1_motor1,9240,2026-05-20 16:34:00,2026-05-20 16:35:59,normal,normal,0.98,True,False,0.0,0.004,0.012,0.0,0.98,0.004,0.0
line1_motor1,9300,2026-05-20 16:35:00,2026-05-20 16:36:59,normal,normal,0.996,True,False,0.0,0.0,0.0,0.0,0.996,0.004,0.0
line1_motor1,9360,2026-05-20 16:36:00,2026-05-20 16:37:59,normal,normal,0.992,True,False,0.0,0.0,0.0,0.0,0.992,0.0,0.008
line1_motor1,9420,2026-05-20 16:37:00,2026-05-20 16:38:59,normal,normal,0.984,True,False,0.0,0.0,0.0,0.0,0.984,0.012,0.004
line1_motor1,9480,2026-05-20 16:38:00,2026-05-20 16:39:59,normal,normal,0.996,True,False,0.0,0.0,0.0,0.0,0.996,0.0,0.004
line1_motor1,9540,2026-05-20 16:39:00,2026-05-20 16:40:59,normal,normal,0.996,True,False,0.0,0.0,0.0,0.0,0.996,0.004,0.0
line1_motor1,9600,2026-05-20 16:40:00,2026-05-20 16:41:59,normal,normal,1.0,True,False,0.0,0.0,0.0,0.0,1.0,0.0,0.0
line1_motor1,9660,2026-05-20 16:41:00,2026-05-20 16:42:59,normal,normal,1.0,True,False,0.0,0.0,0.0,0.0,1.0,0.0,0.0
line1_motor1,9720,2026-05-20 16:42:00,2026-05-20 16:43:59,normal,normal,0.996,True,False,0.0,0.0,0.0,0.0,0.996,0.004,0.0
line1_motor1,9780,2026-05-20 16:43:00,2026-05-20 16:44:59,cooling_failure,cooling_failure,0.644,True,False,0.016,0.004,0.644,0.036,0.188,0.064,0.048
line1_motor1,9840,2026-05-20 16:44:00,2026-05-20 16:45:59,cooling_failure,cooling_failure,0.3,True,True,0.004,0.012,0.3,0.012,0.196,0.196,0.28
line1_motor1,9900,2026-05-20 16:45:00,2026-05-20 16:46:59,cooling_failure,cooling_failure,0.692,True,False,0.0,0.004,0.692,0.0,0.04,0.144,0.12
line1_motor1,9960,2026-05-20 16:46:00,2026-05-20 16:47:59,cooling_failure,cooling_failure,0.84,True,False,0.004,0.008,0.84,0.004,0.024,0.088,0.032
line1_motor1,10020,2026-05-20 16:47:00,2026-05-20 16:48:59,cooling_failure,cooling_failure,0.824,True,False,0.0,0.008,0.824,0.004,0.02,0.128,0.016
line1_motor1,10080,2026-05-20 16:48:00,2026-05-20 16:49:59,cooling_failure,cooling_failure,0.832,True,False,0.0,0.004,0.832,0.008,0.028,0.104,0.024
line1_motor1,10140,2026-05-20 16:49:00,2026-05-20 16:50:59,cooling_failure,cooling_failure,0.756,True,False,0.0,0.016,0.756,0.008,0.016,0.176,0.028
line1_motor1,10200,2026-05-20 16:50:00,2026-05-20 16:51:59,cooling_failure,cooling_failure,0.84,True,False,0.0,0.0,0.84,0.004,0.02,0.128,0.008
line1_motor1,10260,2026-05-20 16:51:00,2026-05-20 16:52:59,cooling_failure,cooling_failure,0.788,True,False,0.0,0.004,0.788,0.0,0.012,0.196,0.0
line1_motor1,10320,2026-05-20 16:52:00,2026-05-20 16:53:59,cooling_failure,overheating,0.592,False,True,0.004,0.008,0.312,0.028,0.02,0.592,0.036
line1_motor1,10380,2026-05-20 16:53:00,2026-05-20 16:54:59,cooling_failure,overheating,0.376,False,True,0.04,0.088,0.032,0.12,0.244,0.376,0.1
line1_motor1,10440,2026-05-20 16:54:00,2026-05-20 16:55:59,normal,normal,1.0,True,False,0.0,0.0,0.0,0.0,1.0,0.0,0.0
line1_motor1,10500,2026-05-20 16:55:00,2026-05-20 16:56:59,normal,normal,0.996,True,False,0.0,0.0,0.0,0.0,0.996,0.004,0.0
line1_motor1,10560,2026-05-20 16:56:00,2026-05-20 16:57:59,normal,normal,1.0,True,False,0.0,0.0,0.0,0.0,1.0,0.0,0.0
line1_motor1,10620,2026-05-20 16:57:00,2026-05-20 16:58:59,normal,normal,1.0,True,False,0.0,0.0,0.0,0.0,1.0,0.0,0.0
line1_motor1,10680,2026-05-20 16:58:00,2026-05-20 16:59:59,normal,normal,0.996,True,False,0.0,0.0,0.0,0.0,0.996,0.004,0.0
line1_motor1,10740,2026-05-20 16:59:00,2026-05-20 17:00:59,normal,normal,0.956,True,False,0.008,0.012,0.0,0.0,0.956,0.024,0.0
line1_motor1,10800,2026-05-20 17:00:00,2026-05-20 17:01:59,normal,normal,1.0,True,False,0.0,0.0,0.0,0.0,1.0,0.0,0.0
line1_motor1,10860,2026-05-20 17:01:00,2026-05-20 17:02:59,normal,normal,1.0,True,False,0.0,0.0,0.0,0.0,1.0,0.0,0.0
line1_motor1,10920,2026-05-20 17:02:00,2026-05-20 17:03:59,normal,normal,1.0,True,False,0.0,0.0,0.0,0.0,1.0,0.0,0.0
line1_motor1,10980,2026-05-20 17:03:00,2026-05-20 17:04:59,normal,normal,0.948,True,False,0.004,0.004,0.004,0.004,0.948,0.02,0.016
line1_motor1,11040,2026-05-20 17:04:00,2026-05-20 17:05:59,normal,normal,0.928,True,False,0.004,0.0,0.008,0.004,0.928,0.036,0.02
line1_motor1,11100,2026-05-20 17:05:00,2026-05-20 17:06:59,normal,normal,0.908,True,False,0.004,0.0,0.016,0.012,0.908,0.036,0.024
line1_motor1,11160,2026-05-20 17:06:00,2026-05-20 17:07:59,normal,normal,0.996,True,False,0.0,0.0,0.0,0.0,0.996,0.004,0.0
line1_motor1,11220,2026-05-20 17:07:00,2026-05-20 17:08:59,normal,normal,1.0,True,False,0.0,0.0,0.0,0.0,1.0,0.0,0.0
line1_motor1,11280,2026-05-20 17:08:00,2026-05-20 17:09:59,normal,normal,0.992,True,False,0.0,0.0,0.0,0.0,0.992,0.008,0.0
line1_motor1,11340,2026-05-20 17:09:00,2026-05-20 17:10:59,normal,normal,0.996,True,False,0.0,0.0,0.0,0.004,0.996,0.0,0.0
line1_motor1,11400,2026-05-20 17:10:00,2026-05-20 17:11:59,normal,normal,0.996,True,False,0.0,0.0,0.0,0.0,0.996,0.0,0.004
line1_motor1,11460,2026-05-20 17:11:00,2026-05-20 17:12:59,normal,normal,0.988,True,False,0.0,0.0,0.0,0.004,0.988,0.004,0.004
line1_motor1,11520,2026-05-20 17:12:00,2026-05-20 17:13:59,normal,normal,0.996,True,False,0.0,0.0,0.0,0.0,0.996,0.004,0.0
line1_motor1,11580,2026-05-20 17:13:00,2026-05-20 17:14:59,normal,normal,1.0,True,False,0.0,0.0,0.0,0.0,1.0,0.0,0.0
line1_motor1,11640,2026-05-20 17:14:00,2026-05-20 17:15:59,normal,normal,1.0,True,False,0.0,0.0,0.0,0.0,1.0,0.0,0.0
line1_motor1,11700,2026-05-20 17:15:00,2026-05-20 17:16:59,belt_misalignment,belt_misalignment,0.904,True,False,0.068,0.904,0.0,0.0,0.008,0.02,0.0
line1_motor1,11760,2026-05-20 17:16:00,2026-05-20 17:17:59,belt_misalignment,belt_misalignment,0.96,True,False,0.036,0.96,0.0,0.0,0.0,0.0,0.004
line1_motor1,11820,2026-05-20 17:17:00,2026-05-20 17:18:59,belt_misalignment,belt_misalignment,0.988,True,False,0.012,0.988,0.0,0.0,0.0,0.0,0.0
line1_motor1,11880,2026-05-20 17:18:00,2026-05-20 17:19:59,belt_misalignment,belt_misalignment,0.976,True,False,0.024,0.976,0.0,0.0,0.0,0.0,0.0
line1_motor1,11940,2026-05-20 17:19:00,2026-05-20 17:20:59,belt_misalignment,belt_misalignment,0.984,True,False,0.016,0.984,0.0,0.0,0.0,0.0,0.0
line1_motor1,12000,2026-05-20 17:20:00,2026-05-20 17:21:59,belt_misalignment,belt_misalignment,1.0,True,False,0.0,1.0,0.0,0.0,0.0,0.0,0.0
line1_motor1,12060,2026-05-20 17:21:00,2026-05-20 17:22:59,belt_misalignment,belt_misalignment,0.916,True,False,0.056,0.916,0.0,0.004,0.0,0.02,0.004
line1_motor1,12120,2026-05-20 17:22:00,2026-05-20 17:23:59,belt_misalignment,belt_misalignment,0.892,True,False,0.1,0.892,0.0,0.0,0.004,0.004,0.0
line1_motor1,12180,2026-05-20 17:23:00,2026-05-20 17:24:59,belt_misalignment,belt_misalignment,0.892,True,False,0.024,0.892,0.0,0.012,0.044,0.02,0.008
line1_motor1,12240,2026-05-20 17:24:00,2026-05-20 17:25:59,normal,normal,1.0,True,False,0.0,0.0,0.0,0.0,1.0,0.0,0.0
line1_motor1,12300,2026-05-20 17:25:00,2026-05-20 17:26:59,normal,normal,0.996,True,False,0.0,0.0,0.0,0.0,0.996,0.0,0.004
line1_motor1,12360,2026-05-20 17:26:00,2026-05-20 17:27:59,normal,normal,0.996,True,False,0.0,0.0,0.0,0.0,0.996,0.0,0.004
line1_motor1,12420,2026-05-20 17:27:00,2026-05-20 17:28:59,normal,normal,0.988,True,False,0.0,0.0,0.0,0.008,0.988,0.004,0.0
line1_motor1,12480,2026-05-20 17:28:00,2026-05-20 17:29:59,normal,normal,1.0,True,False,0.0,0.0,0.0,0.0,1.0,0.0,0.0
line1_motor1,12540,2026-05-20 17:29:00,2026-05-20 17:30:59,normal,normal,0.996,True,False,0.0,0.0,0.0,0.0,0.996,0.004,0.0
line1_motor1,12600,2026-05-20 17:30:00,2026-05-20 17:31:59,normal,normal,0.996,True,False,0.0,0.0,0.0,0.0,0.996,0.0,0.004
line1_motor1,12660,2026-05-20 17:31:00,2026-05-20 17:32:59,normal,normal,0.892,True,False,0.0,0.0,0.02,0.008,0.892,0.072,0.008
line1_motor1,12720,2026-05-20 17:32:00,2026-05-20 17:33:59,normal,normal,0.62,True,False,0.0,0.012,0.016,0.148,0.62,0.092,0.112
line1_motor1,12780,2026-05-20 17:33:00,2026-05-20 17:34:59,normal,normal,0.92,True,False,0.0,0.0,0.0,0.016,0.92,0.016,0.048
line1_motor1,12840,2026-05-20 17:34:00,2026-05-20 17:35:59,normal,normal,0.996,True,False,0.0,0.0,0.004,0.0,0.996,0.0,0.0
line1_motor1,12900,2026-05-20 17:35:00,2026-05-20 17:36:59,normal,normal,0.992,True,False,0.0,0.0,0.008,0.0,0.992,0.0,0.0
line1_motor1,12960,2026-05-20 17:36:00,2026-05-20 17:37:59,normal,normal,0.984,True,False,0.0,0.0,0.0,0.0,0.984,0.004,0.012
line1_motor1,13020,2026-05-20 17:37:00,2026-05-20 17:38:59,normal,normal,0.984,True,False,0.0,0.0,0.004,0.0,0.984,0.012,0.0
line1_motor1,13080,2026-05-20 17:38:00,2026-05-20 17:39:59,normal,normal,1.0,True,False,0.0,0.0,0.0,0.0,1.0,0.0,0.0
line1_motor1,13140,2026-05-20 17:39:00,2026-05-20 17:40:59,normal,normal,0.996,True,False,0.0,0.0,0.0,0.0,0.996,0.004,0.0
line1_motor1,13200,2026-05-20 17:40:00,2026-05-20 17:41:59,normal,normal,1.0,True,False,0.0,0.0,0.0,0.0,1.0,0.0,0.0
line1_motor1,13260,2026-05-20 17:41:00,2026-05-20 17:42:59,normal,normal,0.996,True,False,0.0,0.0,0.0,0.0,0.996,0.004,0.0
line1_motor1,13320,2026-05-20 17:42:00,2026-05-20 17:43:59,normal,normal,1.0,True,False,0.0,0.0,0.0,0.0,1.0,0.0,0.0
line1_motor1,13380,2026-05-20 17:43:00,2026-05-20 17:44:59,normal,normal,0.948,True,False,0.016,0.0,0.016,0.016,0.948,0.004,0.0
line1_motor1,13440,2026-05-20 17:44:00,2026-05-20 17:45:59,normal,normal,0.996,True,False,0.0,0.0,0.0,0.004,0.996,0.0,0.0
line1_motor1,13500,2026-05-20 17:45:00,2026-05-20 17:46:59,normal,normal,0.972,True,False,0.0,0.0,0.012,0.004,0.972,0.0,0.012
line1_motor1,13560,2026-05-20 17:46:00,2026-05-20 17:47:59,normal,normal,0.912,True,False,0.0,0.004,0.04,0.0,0.912,0.008,0.036
line1_motor1,13620,2026-05-20 17:47:00,2026-05-20 17:48:59,sensor_drift,sensor_drift,0.628,True,False,0.0,0.008,0.072,0.036,0.212,0.044,0.628
line1_motor1,13680,2026-05-20 17:48:00,2026-05-20 17:49:59,sensor_drift,sensor_drift,0.712,True,False,0.008,0.028,0.02,0.088,0.124,0.02,0.712
line1_motor1,13740,2026-05-20 17:49:00,2026-05-20 17:50:59,sensor_drift,sensor_drift,0.804,True,False,0.016,0.012,0.012,0.012,0.1,0.044,0.804
line1_motor1,13800,2026-05-20 17:50:00,2026-05-20 17:51:59,sensor_drift,sensor_drift,0.832,True,False,0.0,0.0,0.044,0.0,0.092,0.032,0.832
line1_motor1,13860,2026-05-20 17:51:00,2026-05-20 17:52:59,sensor_drift,sensor_drift,0.816,True,False,0.0,0.0,0.02,0.016,0.1,0.048,0.816
line1_motor1,13920,2026-05-20 17:52:00,2026-05-20 17:53:59,sensor_drift,sensor_drift,0.812,True,False,0.0,0.0,0.0,0.0,0.092,0.096,0.812
line1_motor1,13980,2026-05-20 17:53:00,2026-05-20 17:54:59,sensor_drift,sensor_drift,0.88,True,False,0.0,0.008,0.004,0.008,0.068,0.032,0.88
line1_motor1,14040,2026-05-20 17:54:00,2026-05-20 17:55:59,sensor_drift,sensor_drift,0.92,True,False,0.008,0.0,0.004,0.008,0.052,0.008,0.92
line1_motor1,14100,2026-05-20 17:55:00,2026-05-20 17:56:59,sensor_drift,sensor_drift,0.9,True,False,0.004,0.008,0.004,0.016,0.04,0.028,0.9
line1_motor1,14160,2026-05-20 17:56:00,2026-05-20 17:57:59,sensor_drift,sensor_drift,0.828,True,False,0.004,0.004,0.0,0.008,0.096,0.06,0.828
line1_motor1,14220,2026-05-20 17:57:00,2026-05-20 17:58:59,sensor_drift,sensor_drift,0.892,True,False,0.0,0.0,0.004,0.004,0.044,0.056,0.892
line1_motor1,14280,2026-05-20 17:58:00,2026-05-20 17:59:59,sensor_drift,sensor_drift,0.716,True,False,0.0,0.004,0.004,0.008,0.032,0.236,0.716
line1_motor1,14340,2026-05-20 17:59:00,2026-05-20 18:00:59,sensor_drift,normal,0.668,False,False,0.008,0.008,0.06,0.044,0.668,0.168,0.044
line1_motor1,14400,2026-05-20 18:00:00,2026-05-20 18:01:59,normal,normal,0.984,True,False,0.004,0.0,0.0,0.0,0.984,0.004,0.008
line1_motor1,14460,2026-05-20 18:01:00,2026-05-20 18:02:59,normal,normal,1.0,True,False,0.0,0.0,0.0,0.0,1.0,0.0,0.0
line1_motor1,14520,2026-05-20 18:02:00,2026-05-20 18:03:59,normal,normal,0.956,True,False,0.0,0.004,0.0,0.008,0.956,0.024,0.008
line1_motor1,14580,2026-05-20 18:03:00,2026-05-20 18:04:59,normal,normal,0.924,True,False,0.016,0.012,0.0,0.036,0.924,0.008,0.004
line1_motor1,14640,2026-05-20 18:04:00,2026-05-20 18:05:59,normal,normal,0.932,True,False,0.008,0.0,0.004,0.004,0.932,0.024,0.028
line1_motor1,14700,2026-05-20 18:05:00,2026-05-20 18:06:59,normal,normal,0.892,True,False,0.048,0.004,0.004,0.012,0.892,0.028,0.012
line1_motor1,14760,2026-05-20 18:06:00,2026-05-20 18:07:59,normal,normal,0.98,True,False,0.0,0.0,0.0,0.0,0.98,0.012,0.008
line1_motor1,14820,2026-05-20 18:07:00,2026-05-20 18:08:59,normal,normal,1.0,True,False,0.0,0.0,0.0,0.0,1.0,0.0,0.0
line1_motor1,14880,2026-05-20 18:08:00,2026-05-20 18:09:59,normal,normal,0.996,True,False,0.0,0.0,0.0,0.0,0.996,0.004,0.0
line1_motor1,14940,2026-05-20 18:09:00,2026-05-20 18:10:59,normal,normal,0.992,True,False,0.0,0.0,0.0,0.004,0.992,0.004,0.0
line1_motor1,15000,2026-05-20 18:10:00,2026-05-20 18:11:59,normal,normal,0.992,True,False,0.0,0.004,0.0,0.0,0.992,0.004,0.0
line1_motor1,15060,2026-05-20 18:11:00,2026-05-20 18:12:59,normal,normal,1.0,True,False,0.0,0.0,0.0,0.0,1.0,0.0,0.0
line1_motor1,15120,2026-05-20 18:12:00,2026-05-20 18:13:59,normal,normal,1.0,True,False,0.0,0.0,0.0,0.0,1.0,0.0,0.0
line1_motor1,15180,2026-05-20 18:13:00,2026-05-20 18:14:59,normal,normal,1.0,True,False,0.0,0.0,0.0,0.0,1.0,0.0,0.0
line1_motor1,15240,2026-05-20 18:14:00,2026-05-20 18:15:59,normal,normal,0.976,True,False,0.0,0.0,0.0,0.004,0.976,0.02,0.0
line1_motor1,15300,2026-05-20 18:15:00,2026-05-20 18:16:59,normal,normal,0.972,True,False,0.0,0.012,0.004,0.0,0.972,0.012,0.0
line1_motor1,15360,2026-05-20 18:16:00,2026-05-20 18:17:59,normal,normal,0.992,True,False,0.004,0.0,0.0,0.0,0.992,0.004,0.0
line1_motor1,15420,2026-05-20 18:17:00,2026-05-20 18:18:59,normal,normal,0.996,True,False,0.0,0.0,0.0,0.0,0.996,0.0,0.004
line1_motor1,15480,2026-05-20 18:18:00,2026-05-20 18:19:59,normal,normal,0.992,True,False,0.0,0.0,0.0,0.0,0.992,0.008,0.0
line1_motor1,15540,2026-05-20 18:19:00,2026-05-20 18:20:59,normal,normal,0.968,True,False,0.004,0.008,0.0,0.008,0.968,0.008,0.004
line1_motor1,15600,2026-05-20 18:20:00,2026-05-20 18:21:59,normal,normal,0.996,True,False,0.004,0.0,0.0,0.0,0.996,0.0,0.0
line1_motor1,15660,2026-05-20 18:21:00,2026-05-20 18:22:59,overheating,overheating,0.624,True,False,0.016,0.02,0.004,0.016,0.276,0.624,0.044
line1_motor1,15720,2026-05-20 18:22:00,2026-05-20 18:23:59,overheating,overheating,0.76,True,False,0.004,0.008,0.0,0.016,0.1,0.76,0.112
line1_motor1,15780,2026-05-20 18:23:00,2026-05-20 18:24:59,overheating,overheating,0.844,True,False,0.0,0.004,0.008,0.0,0.064,0.844,0.08
line1_motor1,15840,2026-05-20 18:24:00,2026-05-20 18:25:59,overheating,overheating,0.828,True,False,0.0,0.0,0.032,0.004,0.068,0.828,0.068
line1_motor1,15900,2026-05-20 18:25:00,2026-05-20 18:26:59,overheating,overheating,0.74,True,False,0.0,0.0,0.036,0.02,0.076,0.74,0.128
line1_motor1,15960,2026-05-20 18:26:00,2026-05-20 18:27:59,overheating,overheating,0.872,True,False,0.004,0.0,0.056,0.02,0.028,0.872,0.02
line1_motor1,16020,2026-05-20 18:27:00,2026-05-20 18:28:59,overheating,overheating,0.896,True,False,0.008,0.004,0.04,0.024,0.02,0.896,0.008
line1_motor1,16080,2026-05-20 18:28:00,2026-05-20 18:29:59,overheating,overheating,0.932,True,False,0.0,0.0,0.056,0.004,0.008,0.932,0.0
line1_motor1,16140,2026-05-20 18:29:00,2026-05-20 18:30:59,overheating,overheating,0.936,True,False,0.0,0.0,0.04,0.0,0.016,0.936,0.008
line1_motor1,16200,2026-05-20 18:30:00,2026-05-20 18:31:59,overheating,overheating,0.868,True,False,0.008,0.004,0.064,0.0,0.044,0.868,0.012
line1_motor1,16260,2026-05-20 18:31:00,2026-05-20 18:32:59,overheating,overheating,0.848,True,False,0.012,0.0,0.064,0.024,0.044,0.848,0.008
line1_motor1,16320,2026-05-20 18:32:00,2026-05-20 18:33:59,overheating,overheating,0.736,True,False,0.008,0.012,0.068,0.068,0.104,0.736,0.004
line1_motor1,16380,2026-05-20 18:33:00,2026-05-20 18:34:59,normal,normal,0.976,True,False,0.0,0.0,0.0,0.0,0.976,0.012,0.012
line1_motor1,16440,2026-05-20 18:34:00,2026-05-20 18:35:59,normal,normal,0.988,True,False,0.0,0.0,0.004,0.0,0.988,0.004,0.004
line1_motor1,16500,2026-05-20 18:35:00,2026-05-20 18:36:59,normal,normal,0.984,True,False,0.0,0.0,0.004,0.0,0.984,0.008,0.004
line1_motor1,16560,2026-05-20 18:36:00,2026-05-20 18:37:59,normal,normal,1.0,True,False,0.0,0.0,0.0,0.0,1.0,0.0,0.0
line1_motor1,16620,2026-05-20 18:37:00,2026-05-20 18:38:59,normal,normal,0.992,True,False,0.004,0.0,0.004,0.0,0.992,0.0,0.0
line1_motor1,16680,2026-05-20 18:38:00,2026-05-20 18:39:59,normal,normal,1.0,True,False,0.0,0.0,0.0,0.0,1.0,0.0,0.0
line1_motor1,16740,2026-05-20 18:39:00,2026-05-20 18:40:59,normal,normal,1.0,True,False,0.0,0.0,0.0,0.0,1.0,0.0,0.0
line1_motor1,16800,2026-05-20 18:40:00,2026-05-20 18:41:59,normal,normal,1.0,True,False,0.0,0.0,0.0,0.0,1.0,0.0,0.0
line1_motor1,16860,2026-05-20 18:41:00,2026-05-20 18:42:59,normal,normal,1.0,True,False,0.0,0.0,0.0,0.0,1.0,0.0,0.0
line1_motor1,16920,2026-05-20 18:42:00,2026-05-20 18:43:59,normal,normal,1.0,True,False,0.0,0.0,0.0,0.0,1.0,0.0,0.0
line1_motor1,16980,2026-05-20 18:43:00,2026-05-20 18:44:59,normal,normal,0.936,True,False,0.012,0.0,0.036,0.012,0.936,0.004,0.0
line1_motor1,17040,2026-05-20 18:44:00,2026-05-20 18:45:59,normal,normal,0.992,True,False,0.0,0.0,0.004,0.0,0.992,0.004,0.0
line1_motor1,17100,2026-05-20 18:45:00,2026-05-20 18:46:59,normal,normal,0.996,True,False,0.0,0.0,0.0,0.0,0.996,0.004,0.0
line1_motor1,17160,2026-05-20 18:46:00,2026-05-20 18:47:59,normal,normal,0.964,True,False,0.0,0.0,0.016,0.0,0.964,0.008,0.012
line1_motor1,17220,2026-05-20 18:47:00,2026-05-20 18:48:59,normal,normal,0.82,True,False,0.004,0.004,0.032,0.028,0.82,0.04,0.072
line1_motor1,17280,2026-05-20 18:48:00,2026-05-20 18:49:59,normal,normal,0.656,True,False,0.012,0.0,0.02,0.128,0.656,0.036,0.148
line1_motor1,17340,2026-05-20 18:49:00,2026-05-20 18:50:59,normal,normal,0.896,True,False,0.004,0.0,0.012,0.008,0.896,0.02,0.06
line1_motor1,17400,2026-05-20 18:50:00,2026-05-20 18:51:59,normal,normal,1.0,True,False,0.0,0.0,0.0,0.0,1.0,0.0,0.0
line1_motor1,17460,2026-05-20 18:51:00,2026-05-20 18:52:59,normal,normal,0.992,True,False,0.0,0.0,0.0,0.0,0.992,0.004,0.004
line1_motor1,17520,2026-05-20 18:52:00,2026-05-20 18:53:59,normal,normal,1.0,True,False,0.0,0.0,0.0,0.0,1.0,0.0,0.0
line1_motor1,17580,2026-05-20 18:53:00,2026-05-20 18:54:59,normal,normal,0.996,True,False,0.0,0.0,0.0,0.0,0.996,0.004,0.0
line1_motor1,17640,2026-05-20 18:54:00,2026-05-20 18:55:59,bearing_wear,bearing_wear,0.792,True,False,0.792,0.056,0.008,0.004,0.104,0.008,0.028
line1_motor1,17700,2026-05-20 18:55:00,2026-05-20 18:56:59,bearing_wear,bearing_wear,0.968,True,False,0.968,0.02,0.004,0.0,0.008,0.0,0.0
line1_motor1,17760,2026-05-20 18:56:00,2026-05-20 18:57:59,bearing_wear,bearing_wear,0.98,True,False,0.98,0.016,0.0,0.0,0.004,0.0,0.0
line1_motor1,17820,2026-05-20 18:57:00,2026-05-20 18:58:59,bearing_wear,bearing_wear,0.988,True,False,0.988,0.008,0.0,0.0,0.004,0.0,0.0
line1_motor1,17880,2026-05-20 18:58:00,2026-05-20 18:59:59,bearing_wear,bearing_wear,0.948,True,False,0.948,0.044,0.0,0.0,0.008,0.0,0.0
line1_motor1,17940,2026-05-20 18:59:00,2026-05-20 19:00:59,bearing_wear,bearing_wear,0.952,True,False,0.952,0.028,0.0,0.008,0.008,0.004,0.0
line1_motor1,18000,2026-05-20 19:00:00,2026-05-20 19:01:59,bearing_wear,bearing_wear,0.96,True,False,0.96,0.036,0.0,0.0,0.0,0.004,0.0
line1_motor1,18060,2026-05-20 19:01:00,2026-05-20 19:02:59,bearing_wear,bearing_wear,0.984,True,False,0.984,0.0,0.008,0.004,0.0,0.004,0.0
line1_motor1,18120,2026-05-20 19:02:00,2026-05-20 19:03:59,bearing_wear,bearing_wear,0.988,True,False,0.988,0.0,0.004,0.004,0.0,0.004,0.0
line1_motor1,18180,2026-05-20 19:03:00,2026-05-20 19:04:59,bearing_wear,bearing_wear,0.936,True,False,0.936,0.036,0.008,0.016,0.0,0.004,0.0
line1_motor1,18240,2026-05-20 19:04:00,2026-05-20 19:05:59,bearing_wear,bearing_wear,0.948,True,False,0.948,0.016,0.004,0.016,0.004,0.012,0.0
line1_motor1,18300,2026-05-20 19:05:00,2026-05-20 19:06:59,bearing_wear,bearing_wear,0.936,True,False,0.936,0.004,0.008,0.012,0.0,0.036,0.004
line1_motor1,18360,2026-05-20 19:06:00,2026-05-20 19:07:59,bearing_wear,bearing_wear,0.992,True,False,0.992,0.0,0.0,0.0,0.004,0.004,0.0
line1_motor1,18420,2026-05-20 19:07:00,2026-05-20 19:08:59,bearing_wear,bearing_wear,0.992,True,False,0.992,0.0,0.0,0.0,0.004,0.004,0.0
line1_motor1,18480,2026-05-20 19:08:00,2026-05-20 19:09:59,bearing_wear,bearing_wear,0.56,True,True,0.56,0.168,0.004,0.088,0.076,0.1,0.004
line1_motor1,18540,2026-05-20 19:09:00,2026-05-20 19:10:59,normal,normal,1.0,True,False,0.0,0.0,0.0,0.0,1.0,0.0,0.0
line1_motor1,18600,2026-05-20 19:10:00,2026-05-20 19:11:59,normal,normal,1.0,True,False,0.0,0.0,0.0,0.0,1.0,0.0,0.0
line1_motor1,18660,2026-05-20 19:11:00,2026-05-20 19:12:59,normal,normal,0.992,True,False,0.0,0.0,0.0,0.004,0.992,0.0,0.004
line1_motor1,18720,2026-05-20 19:12:00,2026-05-20 19:13:59,normal,normal,0.996,True,False,0.0,0.0,0.0,0.0,0.996,0.004,0.0
line1_motor1,18780,2026-05-20 19:13:00,2026-05-20 19:14:59,normal,normal,1.0,True,False,0.0,0.0,0.0,0.0,1.0,0.0,0.0
line1_motor1,18840,2026-05-20 19:14:00,2026-05-20 19:15:59,normal,normal,1.0,True,False,0.0,0.0,0.0,0.0,1.0,0.0,0.0
line1_motor1,18900,2026-05-20 19:15:00,2026-05-20 19:16:59,normal,normal,0.928,True,False,0.004,0.016,0.004,0.016,0.928,0.028,0.004
line1_motor1,18960,2026-05-20 19:16:00,2026-05-20 19:17:59,normal,normal,0.984,True,False,0.0,0.0,0.004,0.0,0.984,0.008,0.004
line1_motor1,19020,2026-05-20 19:17:00,2026-05-20 19:18:59,normal,normal,0.976,True,False,0.004,0.0,0.008,0.0,0.976,0.004,0.008
line1_motor1,19080,2026-05-20 19:18:00,2026-05-20 19:19:59,normal,normal,1.0,True,False,0.0,0.0,0.0,0.0,1.0,0.0,0.0
line1_motor1,19140,2026-05-20 19:19:00,2026-05-20 19:20:59,normal,normal,1.0,True,False,0.0,0.0,0.0,0.0,1.0,0.0,0.0
line1_motor1,19200,2026-05-20 19:20:00,2026-05-20 19:21:59,normal,normal,0.98,True,False,0.004,0.0,0.004,0.0,0.98,0.012,0.0
line1_motor1,19260,2026-05-20 19:21:00,2026-05-20 19:22:59,normal,normal,0.932,True,False,0.0,0.0,0.004,0.02,0.932,0.044,0.0
line1_motor1,19320,2026-05-20 19:22:00,2026-05-20 19:23:59,normal,normal,1.0,True,False,0.0,0.0,0.0,0.0,1.0,0.0,0.0
line1_motor1,19380,2026-05-20 19:23:00,2026-05-20 19:24:59,normal,normal,0.996,True,False,0.0,0.0,0.0,0.0,0.996,0.004,0.0
line1_motor1,19440,2026-05-20 19:24:00,2026-05-20 19:25:59,normal,normal,1.0,True,False,0.0,0.0,0.0,0.0,1.0,0.0,0.0
line1_motor1,19500,2026-05-20 19:25:00,2026-05-20 19:26:59,normal,normal,0.98,True,False,0.0,0.0,0.0,0.004,0.98,0.012,0.004
line1_motor1,19560,2026-05-20 19:26:00,2026-05-20 19:27:59,normal,normal,0.992,True,False,0.0,0.0,0.0,0.0,0.992,0.004,0.004
line1_motor1,19620,2026-05-20 19:27:00,2026-05-20 19:28:59,motor_overload,motor_overload,0.664,True,False,0.084,0.0,0.02,0.664,0.172,0.044,0.016
line1_motor1,19680,2026-05-20 19:28:00,2026-05-20 19:29:59,motor_overload,motor_overload,0.728,True,False,0.016,0.008,0.0,0.728,0.116,0.076,0.056
line1_motor1,19740,2026-05-20 19:29:00,2026-05-20 19:30:59,motor_overload,motor_overload,0.776,True,False,0.004,0.016,0.004,0.776,0.052,0.08,0.068
line1_motor1,19800,2026-05-20 19:30:00,2026-05-20 19:31:59,motor_overload,motor_overload,0.944,True,False,0.008,0.008,0.004,0.944,0.004,0.028,0.004
line1_motor1,19860,2026-05-20 19:31:00,2026-05-20 19:32:59,motor_overload,motor_overload,0.908,True,False,0.02,0.028,0.004,0.908,0.02,0.02,0.0
line1_motor1,19920,2026-05-20 19:32:00,2026-05-20 19:33:59,motor_overload,motor_overload,0.936,True,False,0.0,0.028,0.0,0.936,0.016,0.008,0.012
line1_motor1,19980,2026-05-20 19:33:00,2026-05-20 19:34:59,motor_overload,motor_overload,0.94,True,False,0.0,0.004,0.028,0.94,0.008,0.008,0.012
line1_motor1,20040,2026-05-20 19:34:00,2026-05-20 19:35:59,motor_overload,motor_overload,0.944,True,False,0.0,0.004,0.02,0.944,0.004,0.024,0.004
line1_motor1,20100,2026-05-20 19:35:00,2026-05-20 19:36:59,motor_overload,motor_overload,0.972,True,False,0.0,0.0,0.016,0.972,0.0,0.012,0.0
line1_motor1,20160,2026-05-20 19:36:00,2026-05-20 19:37:59,motor_overload,motor_overload,0.868,True,False,0.024,0.004,0.012,0.868,0.04,0.044,0.008
line1_motor1,20220,2026-05-20 19:37:00,2026-05-20 19:38:59,normal,normal,0.956,True,False,0.004,0.004,0.0,0.0,0.956,0.036,0.0
line1_motor1,20280,2026-05-20 19:38:00,2026-05-20 19:39:59,normal,normal,1.0,True,False,0.0,0.0,0.0,0.0,1.0,0.0,0.0
line1_motor1,20340,2026-05-20 19:39:00,2026-05-20 19:40:59,normal,normal,1.0,True,False,0.0,0.0,0.0,0.0,1.0,0.0,0.0
line1_motor1,20400,2026-05-20 19:40:00,2026-05-20 19:41:59,normal,normal,1.0,True,False,0.0,0.0,0.0,0.0,1.0,0.0,0.0
line1_motor1,20460,2026-05-20 19:41:00,2026-05-20 19:42:59,normal,normal,1.0,True,False,0.0,0.0,0.0,0.0,1.0,0.0,0.0
line1_motor1,20520,2026-05-20 19:42:00,2026-05-20 19:43:59,normal,normal,1.0,True,False,0.0,0.0,0.0,0.0,1.0,0.0,0.0
line1_motor1,20580,2026-05-20 19:43:00,2026-05-20 19:44:59,normal,normal,0.94,True,False,0.0,0.016,0.024,0.0,0.94,0.02,0.0
line1_motor1,20640,2026-05-20 19:44:00,2026-05-20 19:45:59,belt_misalignment,belt_misalignment,0.86,True,False,0.092,0.86,0.004,0.008,0.02,0.008,0.008
line1_motor1,20700,2026-05-20 19:45:00,2026-05-20 19:46:59,belt_misalignment,belt_misalignment,0.688,True,False,0.236,0.688,0.02,0.004,0.024,0.008,0.02
line1_motor1,20760,2026-05-20 19:46:00,2026-05-20 19:47:59,belt_misalignment,belt_misalignment,0.892,True,False,0.068,0.892,0.012,0.004,0.008,0.0,0.016
line1_motor1,20820,2026-05-20 19:47:00,2026-05-20 19:48:59,belt_misalignment,belt_misalignment,0.972,True,False,0.024,0.972,0.004,0.0,0.0,0.0,0.0
line1_motor1,20880,2026-05-20 19:48:00,2026-05-20 19:49:59,belt_misalignment,belt_misalignment,0.944,True,False,0.028,0.944,0.0,0.028,0.0,0.0,0.0
line1_motor1,20940,2026-05-20 19:49:00,2026-05-20 19:50:59,belt_misalignment,belt_misalignment,0.948,True,False,0.008,0.948,0.008,0.0,0.02,0.008,0.008
line1_motor1,21000,2026-05-20 19:50:00,2026-05-20 19:51:59,belt_misalignment,belt_misalignment,0.9,True,False,0.012,0.9,0.008,0.0,0.028,0.024,0.028
line1_motor1,21060,2026-05-20 19:51:00,2026-05-20 19:52:59,belt_misalignment,belt_misalignment,0.976,True,False,0.02,0.976,0.004,0.0,0.0,0.0,0.0
line1_motor1,21120,2026-05-20 19:52:00,2026-05-20 19:53:59,belt_misalignment,belt_misalignment,0.964,True,False,0.02,0.964,0.0,0.004,0.004,0.004,0.004
line1_motor1,21180,2026-05-20 19:53:00,2026-05-20 19:54:59,belt_misalignment,belt_misalignment,0.868,True,False,0.096,0.868,0.0,0.008,0.008,0.012,0.008
line1_motor1,21240,2026-05-20 19:54:00,2026-05-20 19:55:59,belt_misalignment,belt_misalignment,0.6,True,False,0.156,0.6,0.0,0.04,0.116,0.048,0.04
line1_motor1,21300,2026-05-20 19:55:00,2026-05-20 19:56:59,normal,normal,0.996,True,False,0.0,0.0,0.0,0.0,0.996,0.0,0.004
line1_motor1,21360,2026-05-20 19:56:00,2026-05-20 19:57:59,normal,normal,1.0,True,False,0.0,0.0,0.0,0.0,1.0,0.0,0.0
line1_motor1,21420,2026-05-20 19:57:00,2026-05-20 19:58:59,normal,normal,0.996,True,False,0.0,0.0,0.0,0.0,0.996,0.004,0.0
line1_motor1,21480,2026-05-20 19:58:00,2026-05-20 19:59:59,normal,normal,0.996,True,False,0.0,0.0,0.0,0.0,0.996,0.004,0.0
